center,left,right,steering,throttle,brake,speed
IMG/center_2016_12_01_13_30_48_287.jpg, IMG/left_2016_12_01_13_30_48_287.jpg, IMG/right_2016_12_01_13_30_48_287.jpg,0,0,0,22.14829
IMG/center_2016_12_01_13_32_56_897.jpg, IMG/left_2016_12_01_13_32_56_897.jpg, IMG/right_2016_12_01_13_32_56_897.jpg,0.01391724,0.9855326,0,30.18659
IMG/center_2016_12_01_13_33_15_544.jpg, IMG/left_2016_12_01_13_33_15_544.jpg, IMG/right_2016_12_01_13_33_15_544.jpg,-0.1547008,0.9855326,0,30.17984
IMG/center_2016_12_01_13_33_27_772.jpg, IMG/left_2016_12_01_13_33_27_772.jpg, IMG/right_2016_12_01_13_33_27_772.jpg,0.100034,0.9855326,0,30.18521
IMG/center_2016_12_01_13_36_52_805.jpg, IMG/left_2016_12_01_13_36_52_805.jpg, IMG/right_2016_12_01_13_36_52_805.jpg,0,0.9855326,0,30.18616
IMG/center_2016_12_01_13_37_40_854.jpg, IMG/left_2016_12_01_13_37_40_854.jpg, IMG/right_2016_12_01_13_37_40_854.jpg,-0.1452064,0.9855326,0,30.18531